{"ensemble_info" : [{"model_name" : "lgbm",
                     "id" : "gbdt_lgbm_tuned",
                     "params" : {"num_leaves": 426,
                     "max_depth": 20,
                     "learning_rate": 0.011353178352988012,
                     "n_estimators": 884,
                     "subsample": 0.5772552201954328,
                     "colsample_bytree": 0.9164865430101521,
                     "reg_alpha": 1.48699088003429e-06,
                     "reg_lambda": 0.41539458543414265,
                     "min_data_in_leaf": 73,
                     "feature_fraction": 0.751673655170548,
                     "bagging_fraction": 0.5120415391590843,
                     "bagging_freq": 2,
                     "min_child_weight": 0.017236362383443497,
                     "cat_smooth": 54.81317407769262,
                     "verbose" : -1,
                     "boosting_type" : "gbdt",
                     "stopping_rounds" : 200}
                     },
                     {"model_name" : "lgbm",
                      "id" : "goss_lgbm_tuned",
                      "params" : {"num_leaves": 498,
                      "max_depth": 39,
                      "learning_rate": 0.0130815417182532,
                      "n_estimators": 312,
                      "subsample": 0.7524374798752103,
                      "colsample_bytree": 0.6306054963553912,
                      "reg_alpha": 0.00011956039944081173,
                      "reg_lambda": 0.004557197175450448,
                      "min_data_in_leaf": 95,
                      "feature_fraction": 0.512138629032011,
                      "min_child_weight": 0.00018451962341657445,
                      "cat_smooth": 44.76543852480219,
                      "verbose" : -1,
                      "boosting_type" : "gbdt",
                      "data_sample_strategy" : "goss",
                      "stopping_rounds" : 200}
                    },
                    {"model_name" : "lgbm",
                     "id" : "rf_lgbm_tuned",
                     "params" : {"num_leaves": 467,
                     "max_depth": 28,
                     "learning_rate": 0.522582490662594,
                     "n_estimators": 616,
                     "subsample": 0.9432536309938392,
                     "colsample_bytree": 0.754692636463483,
                     "reg_alpha": 0.06516320102004383,
                     "reg_lambda": 3.239886368552954e-05,
                     "min_data_in_leaf": 16,
                     "feature_fraction": 0.6051847453606866,
                     "bagging_fraction": 0.7072372100351194,
                     "bagging_freq": 2,
                     "min_child_weight": 0.05028326734683234,
                     "cat_smooth": 6.577794893322689,
                     "verbose" : -1,
                     "boosting_type" : "rf",
                     "stopping_rounds" : 200}
                    },
                    {"model_name" : "xgb",
                     "id" : "gbdt_xgb_tuned",
                     "params" : {"max_bin": 403,
                     "learning_rate": 0.012720488589018275,
                     "max_depth": 14,
                     "num_boost_round": 921,
                     "gamma": 7.327474792423768,
                     "min_child_weight": 99.49960880266693,
                     "subsample": 0.6815290497072164,
                     "colsample_bytree": 0.6882587387019495,
                     "colsample_bylevel": 0.6524817277480367,
                     "colsample_bynode": 0.9692708790975624,
                     "reg_alpha": 4.444851828081367e-06,
                     "reg_lambda": 0.9647173450833559,
                     "max_cat_threshold": 350,
                     "grow_policy": "lossguide",
                     "stopping_rounds" : 10}
                    },
                    {"model_name" : "cat",
                     "id" : "cat_tuned",
                     "params" : {"max_bin": 279,
                     "learning_rate": 0.05411783467468672,
                     "depth": 15,
                     "iterations": 973,
                     "bagging_temperature": 3.2498902422443727,
                     "subsample": 0.7472867491636364,
                     "colsample_bylevel": 0.9612415950869025,
                     "min_data_in_leaf": 677.4758118043563,
                     "l2_leaf_reg": 9.475872080718132,
                     "grow_policy": "Depthwise",
                     "leaf_estimation_iterations": 1,
                     "random_strength": 1.153902049647089,
                     "leaf_estimation_method": "Newton",
                     "stopping_rounds" : 10}
                    }
                    ]
}
